year,catch_kg_North,catch_kg_South,total_catch_kg,catch_tonnes_North,catch_tonnes_South,total_catch_tonnes,north_percentage,south_percentage
2018,5410825.564,559590.6817,5970416.246,5410.825564,559.5906817,5970.416246,90.62727524,9.372724759
2019,6437430.739,527955.2813,6965386.021,6437.430739,527.9552813,6965.386021,92.42030119,7.57969881
2020,6212453.037,610882.8671,6823335.904,6212.453037,610.8828671,6823.335904,91.04715237,8.952847634
2021,5850677.288,778521.2024,6629198.49,5850.677288,778.5212024,6629.19849,88.25617903,11.74382097
2022,6155791.907,647578.6416,6803370.548,6155.791907,647.5786416,6803.370548,90.48150271,9.518497295
2023,7499230.227,692606.995,8191837.222,7499.230227,692.606995,8191.837222,91.54515677,8.454843233
2024,7416257.199,769725.4299,8185982.629,7416.257199,769.7254299,8185.982629,90.59703074,9.402969256